{"stats":{"minecraft:crafted":{"minecraft:firework_star":1,"minecraft:firework_rocket":3},"minecraft:dropped":{"minecraft:water_bucket":1,"minecraft:command_block":1,"minecraft:chain_command_block":1,"minecraft:repeater":1,"minecraft:quartz_block":1},"minecraft:used":{"minecraft:redstone_torch":10,"minecraft:yellow_wool":10,"minecraft:water_bucket":3,"minecraft:glass":3,"minecraft:light":11,"minecraft:repeater":36,"minecraft:firework_rocket":66,"minecraft:orange_wool":3,"minecraft:command_block":22,"minecraft:crafting_table":6,"minecraft:red_wool":3,"minecraft:light_blue_wool":3,"minecraft:red_concrete":6,"minecraft:redstone":50,"minecraft:blue_wool":1,"minecraft:yellow_concrete":18,"minecraft:chain_command_block":7,"minecraft:polished_blackstone_button":5,"minecraft:quartz_block":313,"minecraft:blue_ice":15,"minecraft:ender_pearl":7,"minecraft:cyan_concrete":1,"minecraft:smooth_quartz":6,"minecraft:purple_wool":2},"minecraft:custom":{"minecraft:time_since_rest":1672,"minecraft:crouch_one_cm":9953,"minecraft:sprint_one_cm":34698,"minecraft:play_time":55057,"minecraft:damage_taken":250,"minecraft:deaths":8,"minecraft:walk_one_cm":47161,"minecraft:sneak_time":5051,"minecraft:walk_on_water_one_cm":11,"minecraft:drop":5,"minecraft:jump":250,"minecraft:leave_game":3,"minecraft:time_since_death":1652,"minecraft:total_world_time":58073,"minecraft:interact_with_crafting_table":4,"minecraft:fall_one_cm":2678,"minecraft:fly_one_cm":465887}},"DataVersion":2865}