{"stats":{"minecraft:used":{"minecraft:quartz_block":47,"minecraft:andesite":17,"minecraft:ender_pearl":1},"minecraft:dropped":{"minecraft:quartz_block":2},"minecraft:custom":{"minecraft:jump":38,"minecraft:time_since_rest":2461,"minecraft:crouch_one_cm":1898,"minecraft:leave_game":2,"minecraft:play_time":5561,"minecraft:sprint_one_cm":6362,"minecraft:time_since_death":2428,"minecraft:walk_one_cm":5681,"minecraft:deaths":2,"minecraft:sneak_time":766,"minecraft:total_world_time":31048,"minecraft:drop":2,"minecraft:fly_one_cm":33199}},"DataVersion":2865}