{"stats":{"minecraft:used":{"minecraft:water_bucket":1,"minecraft:honey_block":25,"minecraft:command_block":2,"minecraft:chain_command_block":5,"minecraft:quartz_block":8,"minecraft:ender_pearl":6},"minecraft:dropped":{"minecraft:command_block":1,"minecraft:chain_command_block":1,"minecraft:ender_pearl":1},"minecraft:custom":{"minecraft:time_since_rest":5095,"minecraft:crouch_one_cm":4484,"minecraft:sprint_one_cm":10319,"minecraft:play_time":11487,"minecraft:deaths":9,"minecraft:damage_taken":240,"minecraft:walk_one_cm":6821,"minecraft:sneak_time":1631,"minecraft:drop":3,"minecraft:jump":71,"minecraft:walk_on_water_one_cm":21,"minecraft:leave_game":2,"minecraft:time_since_death":5074,"minecraft:total_world_time":11565,"minecraft:fall_one_cm":5453,"minecraft:fly_one_cm":165838}},"DataVersion":2865}