{"stats":{"minecraft:custom":{"minecraft:time_since_rest":20650,"minecraft:crouch_one_cm":8681,"minecraft:sprint_one_cm":44670,"minecraft:play_time":38813,"minecraft:deaths":6,"minecraft:walk_one_cm":35622,"minecraft:sneak_time":3122,"minecraft:drop":18,"minecraft:jump":193,"minecraft:leave_game":3,"minecraft:time_since_death":20620,"minecraft:sleep_in_bed":2,"minecraft:total_world_time":59866,"minecraft:fly_one_cm":156116},"minecraft:used":{"minecraft:redstone_torch":15,"minecraft:orange_bed":1,"minecraft:emerald_ore":64,"minecraft:repeater":4,"minecraft:grass_block":22,"minecraft:command_block":4,"minecraft:magenta_bed":1,"minecraft:redstone":9,"minecraft:oak_sign":1,"minecraft:stone_button":1,"minecraft:quartz_block":81,"minecraft:repeating_command_block":12,"minecraft:ender_pearl":2,"minecraft:blue_bed":1},"minecraft:dropped":{"minecraft:orange_bed":1,"minecraft:command_block":1,"minecraft:stone_button":1,"minecraft:ender_pearl":6,"minecraft:emerald_ore":1,"minecraft:oak_sign":1,"minecraft:quartz_block":6,"minecraft:grass_block":1}},"DataVersion":2865}